Matrix Size (N),DSYEV (N) [s],DSYEV (V) [s],DSYEVD (N) [s],DSYEVD (V) [s],Speedup N (QR/DC),Speedup V (QR/DC)
500,0.012970,0.075303,0.011874,0.014593,1.092306,5.160253
1000,0.067296,0.589858,0.066230,0.063989,1.016104,9.218073
2000,0.432787,4.350293,0.431091,0.406603,1.003934,10.699121
4000,6.540407,40.796880,6.221089,3.543642,1.051328,11.512697
8000,60.402665,337.373529,60.156979,29.408996,1.004084,11.471780
